{
  "Character": 0,
  "Lines": [
    {
      "Text": "Josh",
      "Value": 6
    },
    {
      "Text": "Barry",
      "Value": 7
    },
    {
      "Text": "Rebecca",
      "Value": 8
    },
    {
      "Text": "Excella",
      "Value": 9
    },
    {
      "Text": "[No File]",
      "Value": 10
    },
    {
      "Text": "Sheva",
      "Value": 11
    },
    {
      "Text": "Jill",
      "Value": 12
    },
    {
      "Text": "Wesker",
      "Value": 13
    },
    {
      "Text": "This way!",
      "Value": 14
    },
    {
      "Text": "Follow me!",
      "Value": 15
    },
    {
      "Text": "Go!",
      "Value": 16
    },
    {
      "Text": "Split up!",
      "Value": 17
    },
    {
      "Text": "Fan out!",
      "Value": 18
    },
    {
      "Text": "Roger.",
      "Value": 19
    },
    {
      "Text": "Ok.",
      "Value": 20
    },
    {
      "Text": "Leave it to me.",
      "Value": 21
    },
    {
      "Text": "I can't right now!",
      "Value": 22
    },
    {
      "Text": "Out of the question!",
      "Value": 23
    },
    {
      "Text": "I'd rather not...",
      "Value": 24
    },
    {
      "Text": "Scope out the area!",
      "Value": 25
    },
    {
      "Text": "We can cover more ground separately!",
      "Value": 26
    },
    {
      "Text": "Wait!",
      "Value": 27
    },
    {
      "Text": "Josh",
      "Value": 28
    },
    {
      "Text": "I need ammo!",
      "Value": 29
    },
    {
      "Text": "Gimme an herb!",
      "Value": 30
    },
    {
      "Text": "Give me a grenade!",
      "Value": 31
    },
    {
      "Text": "Use this!",
      "Value": 32
    },
    {
      "Text": "Take this!",
      "Value": 33
    },
    {
      "Text": "Barry!",
      "Value": 34
    },
    {
      "Text": "Rebecca!",
      "Value": 35
    },
    {
      "Text": "Excella!",
      "Value": 36
    },
    {
      "Text": "[No File]",
      "Value": 37
    },
    {
      "Text": "Sheva!",
      "Value": 38
    },
    {
      "Text": "Jill!",
      "Value": 39
    },
    {
      "Text": "Wesker!",
      "Value": 40
    },
    {
      "Text": "Come on!",
      "Value": 41
    },
    {
      "Text": "Hurry!",
      "Value": 42
    },
    {
      "Text": "Help!",
      "Value": 43
    },
    {
      "Text": "Help me out here!",
      "Value": 44
    },
    {
      "Text": "Help... me! (Dying)",
      "Value": 45
    },
    {
      "Text": "I'm not... gonna make it...! (Dying)",
      "Value": 46
    },
    {
      "Text": "I'm coming! (Partner Dying)",
      "Value": 47
    },
    {
      "Text": "Hold on! (Partner Dying)",
      "Value": 48
    },
    {
      "Text": "Thanks.",
      "Value": 49
    },
    {
      "Text": "Much Appreciated",
      "Value": 50
    },
    {
      "Text": "Thanks for the help",
      "Value": 51
    },
    {
      "Text": "Watch yourself, okay?",
      "Value": 52
    },
    {
      "Text": "You okay?",
      "Value": 53
    },
    {
      "Text": "Stay with me!",
      "Value": 54
    },
    {
      "Text": "Josh!!! (Partner died)",
      "Value": 55
    },
    {
      "Text": "Barry!!! (Partner died)",
      "Value": 56
    },
    {
      "Text": "Rebecca!!! (Partner died)",
      "Value": 57
    },
    {
      "Text": "Nice!",
      "Value": 58
    },
    {
      "Text": "Good job!",
      "Value": 59
    },
    {
      "Text": "That'll work!",
      "Value": 60
    },
    {
      "Text": "[No File]",
      "Value": 61
    },
    {
      "Text": "Great shot!",
      "Value": 62
    },
    {
      "Text": "Good work!",
      "Value": 63
    },
    {
      "Text": "Nice work!",
      "Value": 64
    },
    {
      "Text": "Excella!!! (Partner died)",
      "Value": 65
    },
    {
      "Text": "Reload!",
      "Value": 66
    },
    {
      "Text": "[No File]",
      "Value": 67
    },
    {
      "Text": "Sheva!!! (Partner died)",
      "Value": 68
    },
    {
      "Text": "Jill!!! (Partner died)",
      "Value": 69
    },
    {
      "Text": "Wesker!!! (Partner died)",
      "Value": 70
    },
    {
      "Text": "[No File]",
      "Value": 71
    },
    {
      "Text": "Shit!",
      "Value": 72
    },
    {
      "Text": "Tsc.",
      "Value": 73
    },
    {
      "Text": "[No File]",
      "Value": 74
    },
    {
      "Text": "[No File]",
      "Value": 75
    },
    {
      "Text": "[No File]",
      "Value": 76
    },
    {
      "Text": "[No File]",
      "Value": 77
    },
    {
      "Text": "[No File]",
      "Value": 78
    },
    {
      "Text": "Watch out!",
      "Value": 79
    },
    {
      "Text": "Gimme your gun!",
      "Value": 80
    },
    {
      "Text": "Gimme your weapon!",
      "Value": 81
    },
    {
      "Text": "Gimme your handgun!",
      "Value": 82
    },
    {
      "Text": "Gimme your shotgun!",
      "Value": 83
    },
    {
      "Text": "Gimme your rifle!",
      "Value": 84
    },
    {
      "Text": "Gimme your magnum!",
      "Value": 85
    },
    {
      "Text": "Gimme your machinegun!",
      "Value": 86
    },
    {
      "Text": "Gimme your rocket launcher!",
      "Value": 87
    },
    {
      "Text": "I need that!",
      "Value": 88
    },
    {
      "Text": "Gimme an egg!",
      "Value": 89
    },
    {
      "Text": "Gimme a can of first aid spray!",
      "Value": 90
    },
    {
      "Text": "I can't hold anymore...",
      "Value": 91
    },
    {
      "Text": "I've got all I can hold.",
      "Value": 92
    },
    {
      "Text": "You hang onto it!",
      "Value": 93
    },
    {
      "Text": "Take it!",
      "Value": 94
    },
    {
      "Text": "You grab it!",
      "Value": 95
    },
    {
      "Text": "Gimme a hand!",
      "Value": 96
    },
    {
      "Text": "A little help?",
      "Value": 97
    },
    {
      "Text": "You go",
      "Value": 98
    },
    {
      "Text": "After you",
      "Value": 99
    }
  ]
}