{
  "Name": "Jill",
  "Value": 2,
  "Costumes": [
    {
      "Name": "BSAA",
      "Portrait": "j0.png",
      "File": "uPl02JillCos1",
      "Value": 0
    },
    {
      "Name": "Battlesuit",
      "Portrait": "j1.png",
      "File": "uPl02JillCos2",
      "Value": 1
    },
    {
      "Name": "Desesperate Escape",
      "Portrait": "j2.png",
      "File": "uPl02JillCos3",
      "Value": 2
    },
    {
      "Name": "Lost in Nightmares",
      "Portrait": "j3.png",
      "File": "uPl02JillCos4",
      "Value": 3
    }
  ]
}