{
  "Name": "Sheva",
  "Value": 1,
  "Costumes": [
    {
      "Name": "BSAA",
      "Portrait": "s0.png",
      "File": "uPl01ShebaNormal",
      "Value": 0
    },
    {
      "Name": "Melee Vest",
      "Portrait": "s1.png",
      "File": "uPl01ShebaArmorA",
      "Value": 1
    },
    {
      "Name": "Bulletproof Vest",
      "Portrait": "s2.png",
      "File": "uPl01ShebaArmorB",
      "Value": 2
    },
    {
      "Name": "Full Armor",
      "Portrait": "s3.png",
      "File": "uPl01ShebaArmorF",
      "Value": 3
    },
    {
      "Name": "Plain",
      "Portrait": "s4.png",
      "File": "uPl01ShebaPlain",
      "Value": 4
    },
    {
      "Name": "Amazon",
      "Portrait": "s5.png",
      "File": "uPl01ShebaCos1",
      "Value": 5
    },
    {
      "Name": "Clubbin",
      "Portrait": "s6.png",
      "File": "uPl01ShebaCos2",
      "Value": 6
    },
    {
      "Name": "Business",
      "Portrait": "s7.png",
      "File": "uPl01ShebaCos3",
      "Value": 7
    },
    {
      "Name": "Fairy Tail",
      "Portrait": "s8.png",
      "File": "uPl01ShebaCos4",
      "Value": 8
    }
  ]
}