{
  "ID": 288,
  "Group": 4,
  "GroupIndex": 1,
  "Name": "Dragunov SVD (RIF)",
  "Alias": "dragunov",
  "Firepower": [
    650,
    700,
    750,
    800,
    850,
    900,
    950,
    1000,
    1100,
    1300
  ],
  "ReloadSpeed": [
    2.83,
    2.69,
    2.55,
    2.41
  ],
  "Capacity": [
    7,
    9,
    10,
    12,
    13,
    15,
    16,
    18
  ],
  "Critical": [
    0
  ],
  "Piercing": [
    0
  ],
  "Range": [
    0
  ],
  "Scope": [
    0
  ]
}