{
  "ID": 272,
  "Group": 1,
  "GroupIndex": 1,
  "Name": "H&K P8 (HG)",
  "Alias": "h&kp8",
  "Firepower": [
    140,
    160,
    180,
    200,
    220,
    240,
    260,
    300
  ],
  "ReloadSpeed": [
    1.53,
    1.36,
    1.19,
    1.11,
    1.02,
    0.95
  ],
  "Capacity": [
    9,
    11,
    13,
    15,
    17,
    19,
    21,
    25
  ],
  "Critical": [
    0
  ],
  "Piercing": [
    0,
    1,
    2,
    3
  ],
  "Range": [
    0
  ],
  "Scope": [
    0
  ]
}