{
  "ID": 279,
  "Group": 2,
  "GroupIndex": 2,
  "Name": "Jail Breaker (SG)",
  "Alias": "jailbreaker",
  "Firepower": [
    180,
    200,
    220,
    250,
    300,
    350
  ],
  "ReloadSpeed": [
    2.52,
    2.38,
    2.24,
    2.1,
    1.96,
    1.82
  ],
  "Capacity": [
    5,
    6,
    7,
    8,
    9,
    10,
    11,
    12,
    13,
    15
  ],
  "Critical": [
    0
  ],
  "Piercing": [
    0
  ],
  "Range": [
    0,
    1,
    2
  ],
  "Scope": [
    0
  ]
}