{
  "ID": 258,
  "Group": 1,
  "GroupIndex": 0,
  "Name": "M92F (HG)",
  "Alias": "m92f",
  "Firepower": [
    150,
    170,
    190,
    210,
    230,
    250
  ],
  "ReloadSpeed": [
    1.7,
    1.62,
    1.53,
    1.36
  ],
  "Capacity": [
    10,
    13,
    16,
    20,
    25,
    30,
    33,
    37,
    40,
    45,
    50,
    60,
    70,
    100
  ],
  "Critical": [
    0,
    1,
    2,
    3
  ],
  "Piercing": [
    0
  ],
  "Range": [
    0
  ],
  "Scope": [
    0
  ]
}