{
  "ID": 286,
  "Group": 1,
  "GroupIndex": 3,
  "Name": "M93R (HG)",
  "Alias": "m93r",
  "Firepower": [
    170,
    190,
    210,
    230,
    250,
    270,
    290,
    310,
    330,
    350,
    370,
    400
  ],
  "ReloadSpeed": [
    1.7,
    1.62,
    1.53,
    1.36
  ],
  "Capacity": [
    10,
    12,
    14,
    16,
    18,
    20,
    22,
    24,
    26,
    30
  ],
  "Critical": [
    0
  ],
  "Piercing": [
    0
  ],
  "Range": [
    0
  ],
  "Scope": [
    0
  ]
}