{
  "ID": 261,
  "Group": 4,
  "GroupIndex": 0,
  "Name": "S75 (RIF)",
  "Alias": "s75",
  "Firepower": [
    750,
    800,
    850,
    900,
    950,
    1050,
    1120,
    1200,
    1270,
    1350,
    1420,
    1500,
    1700,
    2000
  ],
  "ReloadSpeed": [
    3.67,
    3.3
  ],
  "Capacity": [
    6,
    7,
    8,
    10,
    12,
    15,
    17,
    20,
    22,
    25,
    40,
    50
  ],
  "Critical": [
    0
  ],
  "Piercing": [
    0
  ],
  "Range": [
    0
  ],
  "Scope": [
    0
  ]
}