{
  "ID": 273,
  "Group": 1,
  "GroupIndex": 2,
  "Name": "SIG P226 (HG)",
  "Alias": "sigp226",
  "Firepower": [
    180,
    220,
    240,
    260,
    280,
    300,
    320,
    340,
    350,
    370,
    390,
    410,
    430,
    480
  ],
  "ReloadSpeed": [
    1.7,
    1.62
  ],
  "Capacity": [
    8,
    10,
    12,
    13,
    14,
    16
  ],
  "Critical": [
    0
  ],
  "Piercing": [
    0
  ],
  "Range": [
    0
  ],
  "Scope": [
    0
  ]
}