{
  "ID": 259,
  "Group": 3,
  "GroupIndex": 0,
  "Name": "VZ61 (MG)",
  "Alias": "vz61",
  "Firepower": [
    50,
    60,
    80,
    100
  ],
  "ReloadSpeed": [
    2.83,
    2.69,
    2.55,
    2.27
  ],
  "Capacity": [
    50,
    60,
    80,
    100,
    120,
    140,
    160,
    180,
    200,
    220,
    240,
    260,
    280,
    300
  ],
  "Critical": [
    0,
    1,
    2
  ],
  "Piercing": [
    0
  ],
  "Range": [
    0
  ],
  "Scope": [
    0
  ]
}