{
  "Name": "Ada RE6 EX",
  "Slots": [
    {
      "ID": 514,
      "Quantity": 30,
      "MaxQuantity": 150,
      "Firepower": 0,
      "ReloadSpeed": 0,
      "Capacity": 0,
      "Critical": 0,
      "Piercing": 0,
      "Range": 0,
      "Scope": 0
    },
    {
      "ID": 262,
      "Quantity": 3,
      "MaxQuantity": 5,
      "Firepower": 0,
      "ReloadSpeed": 0,
      "Capacity": 0,
      "Critical": 0,
      "Piercing": 0,
      "Range": 0,
      "Scope": 0
    },
    {
      "ID": 516,
      "Quantity": 6,
      "MaxQuantity": 30,
      "Firepower": 0,
      "ReloadSpeed": 0,
      "Capacity": 0,
      "Critical": 0,
      "Piercing": 0,
      "Range": 0,
      "Scope": 0
    },
    {
      "ID": 275,
      "Quantity": 45,
      "MaxQuantity": 0,
      "Firepower": 3,
      "ReloadSpeed": 3,
      "Capacity": 0,
      "Critical": 0,
      "Piercing": 0,
      "Range": 0,
      "Scope": 0
    },
    {
      "ID": 0,
      "Quantity": 0,
      "MaxQuantity": 0,
      "Firepower": 0,
      "ReloadSpeed": 0,
      "Capacity": 0,
      "Critical": 0,
      "Piercing": 0,
      "Range": 0,
      "Scope": 0
    },
    {
      "ID": 261,
      "Quantity": 6,
      "MaxQuantity": 0,
      "Firepower": 1,
      "ReloadSpeed": 1,
      "Capacity": 0,
      "Critical": 0,
      "Piercing": 0,
      "Range": 0,
      "Scope": 0
    },
    {
      "ID": 774,
      "Quantity": 1,
      "MaxQuantity": 1,
      "Firepower": 0,
      "ReloadSpeed": 0,
      "Capacity": 0,
      "Critical": 0,
      "Piercing": 0,
      "Range": 0,
      "Scope": 0
    },
    {
      "ID": 264,
      "Quantity": 2,
      "MaxQuantity": 5,
      "Firepower": 0,
      "ReloadSpeed": 0,
      "Capacity": 0,
      "Critical": 0,
      "Piercing": 0,
      "Range": 0,
      "Scope": 0
    },
    {
      "ID": 774,
      "Quantity": 1,
      "MaxQuantity": 1,
      "Firepower": 0,
      "ReloadSpeed": 0,
      "Capacity": 0,
      "Critical": 0,
      "Piercing": 0,
      "Range": 0,
      "Scope": 0
    },
    {
      "ID": 270,
      "Quantity": 1,
      "MaxQuantity": 1,
      "Firepower": 0,
      "ReloadSpeed": 0,
      "Capacity": 0,
      "Critical": 0,
      "Piercing": 0,
      "Range": 0,
      "Scope": 0
    }
  ]
}