{
  "Name": "Leon Merc (RE4)",
  "Slots": [
    {
      "ID": 513,
      "Quantity": 35,
      "MaxQuantity": 50,
      "Firepower": 0,
      "ReloadSpeed": 0,
      "Capacity": 0,
      "Critical": 0,
      "Piercing": 0,
      "Range": 0,
      "Scope": 0
    },
    {
      "ID": 0,
      "Quantity": 0,
      "MaxQuantity": 0,
      "Firepower": 0,
      "ReloadSpeed": 0,
      "Capacity": 0,
      "Critical": 0,
      "Piercing": 0,
      "Range": 0,
      "Scope": 0
    },
    {
      "ID": 515,
      "Quantity": 13,
      "MaxQuantity": 30,
      "Firepower": 0,
      "ReloadSpeed": 0,
      "Capacity": 0,
      "Critical": 0,
      "Piercing": 0,
      "Range": 0,
      "Scope": 0
    },
    {
      "ID": 273,
      "Quantity": 16,
      "MaxQuantity": 0,
      "Firepower": 8,
      "ReloadSpeed": 0,
      "Capacity": 5,
      "Critical": 0,
      "Piercing": 0,
      "Range": 0,
      "Scope": 0
    },
    {
      "ID": 0,
      "Quantity": 0,
      "MaxQuantity": 0,
      "Firepower": 0,
      "ReloadSpeed": 0,
      "Capacity": 0,
      "Critical": 0,
      "Piercing": 0,
      "Range": 0,
      "Scope": 0
    },
    {
      "ID": 278,
      "Quantity": 10,
      "MaxQuantity": 0,
      "Firepower": 8,
      "ReloadSpeed": 0,
      "Capacity": 5,
      "Critical": 0,
      "Piercing": 0,
      "Range": 0,
      "Scope": 0
    },
    {
      "ID": 0,
      "Quantity": 0,
      "MaxQuantity": 0,
      "Firepower": 0,
      "ReloadSpeed": 0,
      "Capacity": 0,
      "Critical": 0,
      "Piercing": 0,
      "Range": 0,
      "Scope": 0
    },
    {
      "ID": 772,
      "Quantity": 1,
      "MaxQuantity": 0,
      "Firepower": 0,
      "ReloadSpeed": 0,
      "Capacity": 0,
      "Critical": 0,
      "Piercing": 0,
      "Range": 0,
      "Scope": 0
    },
    {
      "ID": 0,
      "Quantity": 0,
      "MaxQuantity": 0,
      "Firepower": 0,
      "ReloadSpeed": 0,
      "Capacity": 0,
      "Critical": 0,
      "Piercing": 0,
      "Range": 0,
      "Scope": 0
    },
    {
      "ID": 276,
      "Quantity": 1,
      "MaxQuantity": 0,
      "Firepower": 0,
      "ReloadSpeed": 0,
      "Capacity": 0,
      "Critical": 0,
      "Piercing": 0,
      "Range": 0,
      "Scope": 0
    }
  ]
}