{
  "Name": "Rebecca 3DS",
  "Slots": [
    {
      "ID": 514,
      "Quantity": 60,
      "MaxQuantity": 150,
      "Firepower": 0,
      "ReloadSpeed": 0,
      "Capacity": 0,
      "Critical": 0,
      "Piercing": 0,
      "Range": 0,
      "Scope": 0
    },
    {
      "ID": 773,
      "Quantity": 1,
      "MaxQuantity": 1,
      "Firepower": 0,
      "ReloadSpeed": 0,
      "Capacity": 0,
      "Critical": 0,
      "Piercing": 0,
      "Range": 0,
      "Scope": 0
    },
    {
      "ID": 518,
      "Quantity": 4,
      "MaxQuantity": 12,
      "Firepower": 0,
      "ReloadSpeed": 0,
      "Capacity": 0,
      "Critical": 0,
      "Piercing": 0,
      "Range": 0,
      "Scope": 0
    },
    {
      "ID": 275,
      "Quantity": 65,
      "MaxQuantity": 0,
      "Firepower": 4,
      "ReloadSpeed": 2,
      "Capacity": 2,
      "Critical": 0,
      "Piercing": 2,
      "Range": 0,
      "Scope": 0
    },
    {
      "ID": 773,
      "Quantity": 1,
      "MaxQuantity": 1,
      "Firepower": 0,
      "ReloadSpeed": 0,
      "Capacity": 0,
      "Critical": 0,
      "Piercing": 0,
      "Range": 0,
      "Scope": 0
    },
    {
      "ID": 293,
      "Quantity": 4,
      "MaxQuantity": 12,
      "Firepower": 0,
      "ReloadSpeed": 0,
      "Capacity": 0,
      "Critical": 0,
      "Piercing": 0,
      "Range": 0,
      "Scope": 0
    },
    {
      "ID": 773,
      "Quantity": 1,
      "MaxQuantity": 1,
      "Firepower": 0,
      "ReloadSpeed": 0,
      "Capacity": 0,
      "Critical": 0,
      "Piercing": 0,
      "Range": 0,
      "Scope": 0
    },
    {
      "ID": 773,
      "Quantity": 1,
      "MaxQuantity": 1,
      "Firepower": 0,
      "ReloadSpeed": 0,
      "Capacity": 0,
      "Critical": 0,
      "Piercing": 0,
      "Range": 0,
      "Scope": 0
    },
    {
      "ID": 773,
      "Quantity": 1,
      "MaxQuantity": 1,
      "Firepower": 0,
      "ReloadSpeed": 0,
      "Capacity": 0,
      "Critical": 0,
      "Piercing": 0,
      "Range": 0,
      "Scope": 0
    },
    {
      "ID": 276,
      "Quantity": 1,
      "MaxQuantity": 0,
      "Firepower": 0,
      "ReloadSpeed": 0,
      "Capacity": 0,
      "Critical": 0,
      "Piercing": 0,
      "Range": 0,
      "Scope": 0
    }
  ]
}