{
  "Name": "Sheva Clubbin",
  "Slots": [
    {
      "ID": 514,
      "Quantity": 100,
      "MaxQuantity": 150,
      "Firepower": 0,
      "ReloadSpeed": 0,
      "Capacity": 0,
      "Critical": 0,
      "Piercing": 0,
      "Range": 0,
      "Scope": 0
    },
    {
      "ID": 261,
      "Quantity": 20,
      "MaxQuantity": 0,
      "Firepower": 13,
      "ReloadSpeed": 0,
      "Capacity": 7,
      "Critical": 0,
      "Piercing": 0,
      "Range": 0,
      "Scope": 0
    },
    {
      "ID": 515,
      "Quantity": 20,
      "MaxQuantity": 30,
      "Firepower": 0,
      "ReloadSpeed": 0,
      "Capacity": 0,
      "Critical": 0,
      "Piercing": 0,
      "Range": 0,
      "Scope": 0
    },
    {
      "ID": 285,
      "Quantity": 50,
      "MaxQuantity": 0,
      "Firepower": 11,
      "ReloadSpeed": 0,
      "Capacity": 4,
      "Critical": 0,
      "Piercing": 0,
      "Range": 0,
      "Scope": 0
    },
    {
      "ID": 516,
      "Quantity": 10,
      "MaxQuantity": 30,
      "Firepower": 0,
      "ReloadSpeed": 0,
      "Capacity": 0,
      "Critical": 0,
      "Piercing": 0,
      "Range": 0,
      "Scope": 0
    },
    {
      "ID": 279,
      "Quantity": 8,
      "MaxQuantity": 0,
      "Firepower": 0,
      "ReloadSpeed": 2,
      "Capacity": 3,
      "Critical": 0,
      "Piercing": 0,
      "Range": 2,
      "Scope": 0
    },
    {
      "ID": 0,
      "Quantity": 0,
      "MaxQuantity": 0,
      "Firepower": 0,
      "ReloadSpeed": 0,
      "Capacity": 0,
      "Critical": 0,
      "Piercing": 0,
      "Range": 0,
      "Scope": 0
    },
    {
      "ID": 0,
      "Quantity": 0,
      "MaxQuantity": 0,
      "Firepower": 0,
      "ReloadSpeed": 0,
      "Capacity": 0,
      "Critical": 0,
      "Piercing": 0,
      "Range": 0,
      "Scope": 0
    },
    {
      "ID": 0,
      "Quantity": 0,
      "MaxQuantity": 0,
      "Firepower": 0,
      "ReloadSpeed": 0,
      "Capacity": 0,
      "Critical": 0,
      "Piercing": 0,
      "Range": 0,
      "Scope": 0
    },
    {
      "ID": 270,
      "Quantity": 1,
      "MaxQuantity": 0,
      "Firepower": 0,
      "ReloadSpeed": 0,
      "Capacity": 0,
      "Critical": 0,
      "Piercing": 0,
      "Range": 0,
      "Scope": 0
    }
  ]
}