{
  "Name": "Piers EX",
  "Slots": [
    {
      "ID": 259,
      "Quantity": 50,
      "MaxQuantity": 0,
      "Firepower": 3,
      "ReloadSpeed": 3,
      "Capacity": 0,
      "Critical": 0,
      "Piercing": 0,
      "Range": 0,
      "Scope": 0
    },
    {
      "ID": 278,
      "Quantity": 7,
      "MaxQuantity": 0,
      "Firepower": 13,
      "ReloadSpeed": 0,
      "Capacity": 2,
      "Critical": 0,
      "Piercing": 0,
      "Range": 0,
      "Scope": 0
    },
    {
      "ID": 288,
      "Quantity": 7,
      "MaxQuantity": 0,
      "Firepower": 9,
      "ReloadSpeed": 3,
      "Capacity": 0,
      "Critical": 0,
      "Piercing": 0,
      "Range": 0,
      "Scope": 0
    },
    {
      "ID": 0,
      "Quantity": 0,
      "MaxQuantity": 0,
      "Firepower": 0,
      "ReloadSpeed": 0,
      "Capacity": 0,
      "Critical": 0,
      "Piercing": 0,
      "Range": 0,
      "Scope": 0
    },
    {
      "ID": 514,
      "Quantity": 30,
      "MaxQuantity": 150,
      "Firepower": 0,
      "ReloadSpeed": 0,
      "Capacity": 0,
      "Critical": 0,
      "Piercing": 0,
      "Range": 0,
      "Scope": 0
    },
    {
      "ID": 515,
      "Quantity": 10,
      "MaxQuantity": 30,
      "Firepower": 0,
      "ReloadSpeed": 0,
      "Capacity": 0,
      "Critical": 0,
      "Piercing": 0,
      "Range": 0,
      "Scope": 0
    },
    {
      "ID": 0,
      "Quantity": 0,
      "MaxQuantity": 0,
      "Firepower": 0,
      "ReloadSpeed": 0,
      "Capacity": 0,
      "Critical": 0,
      "Piercing": 0,
      "Range": 0,
      "Scope": 0
    },
    {
      "ID": 516,
      "Quantity": 15,
      "MaxQuantity": 30,
      "Firepower": 0,
      "ReloadSpeed": 0,
      "Capacity": 0,
      "Critical": 0,
      "Piercing": 0,
      "Range": 0,
      "Scope": 0
    },
    {
      "ID": 0,
      "Quantity": 0,
      "MaxQuantity": 0,
      "Firepower": 0,
      "ReloadSpeed": 0,
      "Capacity": 0,
      "Critical": 0,
      "Piercing": 0,
      "Range": 0,
      "Scope": 0
    },
    {
      "ID": 276,
      "Quantity": 1,
      "MaxQuantity": 0,
      "Firepower": 0,
      "ReloadSpeed": 0,
      "Capacity": 0,
      "Critical": 0,
      "Piercing": 0,
      "Range": 0,
      "Scope": 0
    }
  ]
}